Item,Planned,Completed,Annotation
"get to B1 german",1/3,1/3,
"3 months no instagram",0,90/90,"january - march (and counting :D)"
"host 5 gatherings",0,5/5,"1. new years party (january 1st), 2. birthday party (february 7th), 3. trail BBQ (july 30th), 4. glee farm party (August 29), 5. brunch day"
"2 proper open-source contribu-tions",0,1/2,"1. CoW library"
"change a bike tire",0,1/1,"it was even a back tire with internal gears in the wheel so this was the full experience 🙂‍↕️"
"fun cover / parody song or homemade video",0,1/1,"morocco trip video: https://drive.google.com/file/d/1lPX0b9kPjJFEW93XOPiPFH2Q-4V7XAWv/view?usp=sharing"
"learn & perform a 'hard' piano song",10,90,
"secret goal",8/9,1/9,""
"10 pcs of art",0,2/10,
"swim 5km freestyle in one go",0,5/5,"Olympiapark Pool (april 12th)"
"read 10 books & 30 papers / articles",0,40/40,"books (10/10): grit, katabasis, i who have never known men, the immortal life of henrietta lacks, true gretch, moral ambition, who gets believed, project hail mary, running with sherman, sipsworth. technical articles: technical ai safety course (10), social media polarization (5), for the cow scoring paper (10+), general AI policy (5)"
"write 5 poems",0,4/5,"crosstalk (3), trail"
"open-source binjo code",0,100, accessible at https://www.npmjs.com/package/react-binjo
"solo overnight in mountains",0,1/1,"combined with zugspitze summit (july 26-27th)"
"zugspitze summit",0,1/1,"(july 26-27th) route: https://www.komoot.com/tour/349240416"
"4 minute plank",0,2/4,
"attend a Bayern Munich game",1/1,0,
"via ferrata",0,1/1,"Ettaler Manndl (may 14th): https://www.bergtour-online.de/bergtouren/klettersteige/ettaler-manndl/"
"write a short story",0,1/1,"called Crosstalk! hopefully to be published soon"
"6x75kms+ bike rides",1/6,5/6,
"6 blog posts",1/6,5/6,"1. tips for moving, 2. cow, 3. pop the bubble, 4. agent gateway, 5. german article, 6. democracy and AI, 7. writing and AI (maybe also writing fiction vs non-fiction)"
"30mins german x30 days in a row",0,30/30,
"ride a lime scooter",0,100,"ended up getting many rides in thanks to munich transit strikes 🤡 haha"
"26 new recipes",0/26,26/26,"my recipe book: https://drive.google.com/file/d/1_N1tRBwoJMK3iEAnrrtTdwKfDyrJaMen/view?usp=sharing"
"3 speaking engage-ments",0,2/3,"1. EWB XChange, 2. ICML poster, 3. TBD"
